<?xml version = "1.0" encoding = "UTF-8"?>
<!-- <configuration>
   <appender name = "STDOUT" class = "ch.qos.logback.core.ConsoleAppender">
      <encoder>
         <pattern>[%d{yyyy-MM-dd'T'HH:mm:ss.sss'Z'}] [%C] [%t] [%L] [%-5p] %m%n</pattern>
      </encoder>
   </appender>
   
   <appender name = "FILE" class = "ch.qos.logback.core.FileAppender">
      <File>D:/CMS/logfiles/mylog.log</File>
      <encoder>
         <pattern>[%d{yyyy-MM-dd'T'HH:mm:ss.sss'Z'}] [%C] [%t] [%L] [%-5p] %m%n</pattern>
      </encoder>
   </appender>
   
   <root level = "INFO">
      <appender-ref ref = "FILE"/>
      <appender-ref ref = "STDOUT"/> 
   </root>
</configuration> -->

<configuration>
 <appender name = "STDOUT" class = "ch.qos.logback.core.ConsoleAppender">
      <encoder>
         <pattern>[%d{yyyy-MM-dd'T'HH:mm:ss.sss'Z'}] [%C] [%t] [%L] [%-5p] %m%n</pattern>
      </encoder>
  </appender>
  <appender name="ROLLING" class="ch.qos.logback.core.rolling.RollingFileAppender">
    <file>D:/CMS/logfiles/cms.log</file>
    <rollingPolicy class="ch.qos.logback.core.rolling.SizeAndTimeBasedRollingPolicy">
      <!-- rollover daily -->
      <fileNamePattern>D:/CMS/logfiles/CMS-%d{yyyy-MM-dd}.%i.txt</fileNamePattern>
       <!-- each file should be at most 20MB, keep 60 days worth of history, but at most 20GB -->
       <maxFileSize>20MB</maxFileSize>    
       <maxHistory>60</maxHistory>
       <totalSizeCap>20GB</totalSizeCap>
    </rollingPolicy>
    <!-- <encoder>
      <pattern>%msg%n</pattern>
    </encoder> -->
      <encoder>
         <pattern>[%d{yyyy-MM-dd'T'HH:mm:ss.sss'Z'}] [%C] [%t] [%L] [%-5p] %m%n</pattern>
      </encoder>
  </appender>


  <root level="INFO">
    <appender-ref ref="ROLLING" />
    <appender-ref ref = "STDOUT"/> 
  </root>

</configuration>