<?xml version="1.0" encoding="UTF-8"?>

<configuration>

	<appender name="STDOUT" class="ch.qos.logback.core.ConsoleAppender">
		<encoder>
			<pattern>%d{HH:mm:ss.SSS} [%thread] %-5level %logger{36} - %msg%n
			</pattern>
		</encoder>
	</appender>

	<timestamp key="byDay" datePattern="yyyyMMdd'T'HH" />

	<appender name="FILE" class="ch.qos.logback.core.FileAppender">
	    <file> /home/snap82/workspace/indiaBulls/logs.txt </file>
		<!--<file> /home/snap74/Desktop/logs/adapterLogs.txt </file>--> 
		<!-- <file> /Users/Mak/MFP/SBI.Mobile.App/log-${byDay}.txt </file> -->
		<append>true</append>
		<encoder>
			<pattern>%-4relative [%thread] %-5level %logger{35} - %msg%n
			</pattern>
		</encoder>
	</appender>

	<!-- This is the kafkaAppender -->
	<!-- <appender name="kafkaAppender"
		class="com.github.danielwegener.logback.kafka.KafkaAppender">

		This is the default encoder that encodes every log message to an utf8-encoded 
			string
		<encoder
			class="com.github.danielwegener.logback.kafka.encoding.LayoutKafkaMessageEncoder">
			<layout class="ch.qos.logback.classic.PatternLayout">
				<pattern>%d{yyyyMMdd HH:mm:ss.SSS}
					[%thread] %-5level %logger{36} - %msg%n
				</pattern>
			</layout>
		</encoder>
		<topic>new</topic>
		<keyingStrategy
			class="com.github.danielwegener.logback.kafka.keying.RoundRobinKeyingStrategy" />
		<deliveryStrategy
			class="com.github.danielwegener.logback.kafka.delivery.AsynchronousDeliveryStrategy" />

		each <producerConfig> translates to regular kafka-client config (format: 
			key=value)
		producer configs are documented here: https://kafka.apache.org/documentation.html#newproducerconfigs
		bootstrap.servers is the only mandatory producerConfig
		<producerConfig>bootstrap.servers=10.189.177.79:9092</producerConfig>
		<producerConfig>block.on.buffer.full=false</producerConfig>

	</appender> -->

	<appender name="ASYNC" class="ch.qos.logback.classic.AsyncAppender">
		<appender-ref ref="kafkaAppender" />
	</appender>

	<root level="info">
		<!-- <appender-ref ref="ASYNC" /> -->
		 <appender-ref ref="STDOUT" />
		<!--<appender-ref ref="FILE" /> -->
	</root>
</configuration>